{
  "models": [
    {
      "id": "smollm-135m-instruct",
      "name": "SmolLM-135M-Instruct",
      "family": "SmolLM",
      "hf_repo": "HuggingFaceTB/SmolLM-135M-Instruct",
      "parameters": "135M",
      "architecture": "LlamaForCausalLM",
      "context_length": 2048,
      "license": "Apache-2.0",
      "aggregate_score": 67.51,
      "efficiency_score": 1250.5,
      "co2_kg": 0.0012,
      "energy_kwh": 0.0008,
      "scores": {
        "reasoning": 65.2,
        "coding": 58.4,
        "math": 45.1,
        "language": 82.3,
        "edge": 91.5,
        "safety": 95.0
      },
      "quantizations": [
        {
          "name": "FP16",
          "format": "transformers"
        }
      ],
      "categories": [
        "reasoning",
        "coding",
        "language",
        "safety"
      ],
      "date_added": "2026-01-14",
      "submitted_by": "System",
      "rank": 1
    }
  ],
  "metadata": {
    "last_updated": "2026-01-14T13:25:00",
    "total_models": 1
  }
}