{
  "models": [
    {
      "id": "tinystories-1m-verify",
      "name": "TinyStories-1M-Verify",
      "family": "TinyStories",
      "hf_repo": "roneneldan/TinyStories-1M",
      "parameters": "1M",
      "license": "Apache-2.0",
      "aggregate_score": 0.0,
      "scores": {
        "reasoning": 0.0,
        "coding": 0.0,
        "math": 0.0,
        "language": 0.0,
        "edge": 0.0,
        "safety": 0.0
      },
      "quantizations": [
        {
          "name": "FP32",
          "format": "transformers"
        }
      ],
      "categories": [
        "language"
      ],
      "date_added": "2026-01-13",
      "submitted_by": "2796gaurav",
      "rank": 1
    }
  ],
  "metadata": {
    "last_updated": "2026-01-13T15:27:54.253547",
    "total_models": 1
  }
}